release_speed;player_name;events;description;des;stand;p_throws;type;pitch_name;bat_speed;bat_win_exp;balls;strikes;outs_when_up;inning;inning_topbot;effective_speed;release_spin_rate
77.5;Buehler, Walker;strikeout;swinging_strike_blocked;Alex Verdugo strikes out swinging.;L;R;S;Knuckle Curve;73.8;0.044;1;2;2;9;Bot;77.3;2404
78.7;Buehler, Walker;;swinging_strike;Alex Verdugo strikes out swinging.;L;R;S;Knuckle Curve;73.9;0.044;1;1;2;9;Bot;78;2650
93.1;Buehler, Walker;;swinging_strike;Alex Verdugo strikes out swinging.;L;R;S;Cutter;74.2;0.044;1;0;2;9;Bot;93.7;2528
78.5;Buehler, Walker;;ball;Alex Verdugo strikes out swinging.;L;R;B;Knuckle Curve;;0.044;0;0;2;9;Bot;77.7;2516
77.4;Buehler, Walker;strikeout;swinging_strike;Austin Wells strikes out swinging.;L;R;S;Knuckle Curve;74.4;0.108;3;2;1;9;Bot;76.8;2459
97.2;Buehler, Walker;;ball;Austin Wells strikes out swinging.;L;R;B;4-Seam Fastball;;0.108;2;2;1;9;Bot;97.5;2419
78.4;Buehler, Walker;;foul;Austin Wells strikes out swinging.;L;R;S;Knuckle Curve;75.4;0.108;2;2;1;9;Bot;77.5;2771
78.1;Buehler, Walker;;foul;Austin Wells strikes out swinging.;L;R;S;Knuckle Curve;69.5;0.108;2;1;1;9;Bot;77.3;2450
96.2;Buehler, Walker;;ball;Austin Wells strikes out swinging.;L;R;B;4-Seam Fastball;;0.108;1;1;1;9;Bot;96;2405
78.9;Buehler, Walker;;ball;Austin Wells strikes out swinging.;L;R;B;Knuckle Curve;;0.108;0;1;1;9;Bot;77.7;2601
78.7;Buehler, Walker;;called_strike;Austin Wells strikes out swinging.;L;R;S;Knuckle Curve;;0.108;0;0;1;9;Bot;77.8;2653
77.6;Buehler, Walker;field_out;hit_into_play;Anthony Volpe grounds out, third baseman Max Muncy to first baseman Freddie Freeman.;R;R;X;Knuckle Curve;73.4;0.194;2;2;0;9;Bot;77.1;2495
96.7;Buehler, Walker;;ball;Anthony Volpe grounds out, third baseman Max Muncy to first baseman Freddie Freeman.;R;R;B;4-Seam Fastball;;0.194;1;2;0;9;Bot;96.8;2334
78.3;Buehler, Walker;;foul;Anthony Volpe grounds out, third baseman Max Muncy to first baseman Freddie Freeman.;R;R;S;Knuckle Curve;65.4;0.194;1;1;0;9;Bot;78;2535
94.9;Buehler, Walker;;called_strike;Anthony Volpe grounds out, third baseman Max Muncy to first baseman Freddie Freeman.;R;R;S;Sinker;;0.194;1;0;0;9;Bot;95.1;2143
96.1;Buehler, Walker;;ball;Anthony Volpe grounds out, third baseman Max Muncy to first baseman Freddie Freeman.;R;R;B;4-Seam Fastball;;0.194;0;0;0;9;Bot;95.9;2482
79.4;Leiter Jr., Mark;field_out;hit_into_play;Will Smith grounds out, third baseman Jazz Chisholm Jr. to first baseman Anthony Rizzo.;R;R;X;Sweeper;;0.837;0;0;2;9;Top;79.3;2264
75.5;Leiter Jr., Mark;strikeout;swinging_strike;Tommy Edman strikes out swinging.;L;R;S;Curveball;63.1;0.865;3;2;1;9;Top;74.7;2353
75.5;Leiter Jr., Mark;;blocked_ball;Tommy Edman strikes out swinging.;L;R;B;Curveball;;0.865;2;2;1;9;Top;74.6;2353
92.9;Leiter Jr., Mark;;called_strike;Tommy Edman strikes out swinging.;L;R;S;Sinker;;0.865;2;1;1;9;Top;92.4;2031
85.7;Leiter Jr., Mark;;blocked_ball;Tommy Edman strikes out swinging.;L;R;B;Split-Finger;;0.865;1;1;1;9;Top;86.1;779
84.6;Leiter Jr., Mark;;ball;Tommy Edman strikes out swinging.;L;R;B;Split-Finger;;0.865;0;1;1;9;Top;85;716
89.9;Leiter Jr., Mark;;called_strike;Tommy Edman strikes out swinging.;L;R;S;Cutter;;0.865;0;0;1;9;Top;90.4;2045
91.5;Weaver, Luke;walk;ball;Enrique Hernandez walks.;R;R;B;Cutter;;0.858;3;1;1;9;Top;91;2535
94.8;Weaver, Luke;;ball;Enrique Hernandez walks.;R;R;B;4-Seam Fastball;;0.858;2;1;1;9;Top;93.7;2526
91.6;Weaver, Luke;;ball;Enrique Hernandez walks.;R;R;B;Cutter;;0.858;1;1;1;9;Top;91.1;2485
92.6;Weaver, Luke;;foul;Enrique Hernandez walks.;R;R;S;Cutter;75.5;0.843;1;0;1;9;Top;91.6;2603
92;Weaver, Luke;;ball;Enrique Hernandez walks.;R;R;B;Cutter;;0.843;0;0;1;9;Top;91.4;2423
95.4;Weaver, Luke;field_out;hit_into_play;Max Muncy flies out sharply to right fielder Juan Soto.;L;R;X;4-Seam Fastball;73.1;0.865;0;0;0;9;Top;93.5;2457
95.3;Weaver, Luke;single;hit_into_play;Teoscar Hernandez singles on a ground ball to left fielder Alex Verdugo.;R;R;X;4-Seam Fastball;73.5;0.842;0;2;0;9;Top;94;2410
92;Weaver, Luke;;swinging_strike;Teoscar Hernandez singles on a ground ball to left fielder Alex Verdugo.;R;R;S;Cutter;70.3;0.842;0;1;0;9;Top;91;2497
95.1;Weaver, Luke;;called_strike;Teoscar Hernandez singles on a ground ball to left fielder Alex Verdugo.;R;R;S;4-Seam Fastball;;0.842;0;0;0;9;Top;93.8;2462
85.5;Treinen, Blake;strikeout;swinging_strike;Anthony Rizzo strikes out swinging.;L;R;S;Sweeper;68.9;0.28;1;2;2;8;Bot;84.2;2783
97.6;Treinen, Blake;;ball;Anthony Rizzo strikes out swinging.;L;R;B;4-Seam Fastball;;0.28;0;2;2;8;Bot;96.8;2514
96.9;Treinen, Blake;;swinging_strike;Anthony Rizzo strikes out swinging.;L;R;S;4-Seam Fastball;61.9;0.28;0;1;2;8;Bot;96.1;2536
85.7;Treinen, Blake;;called_strike;Anthony Rizzo strikes out swinging.;L;R;S;Sweeper;;0.28;0;0;2;8;Bot;84.2;2603
95.3;Treinen, Blake;field_out;hit_into_play;Giancarlo Stanton flies out to right fielder Mookie Betts.;R;R;X;Sinker;86.6;0.396;0;0;1;8;Bot;93.8;2355
91.9;Treinen, Blake;walk;ball;Jazz Chisholm Jr. walks.;L;R;B;Cutter;;0.355;3;1;1;8;Bot;91.1;2644
84.8;Treinen, Blake;;called_strike;Jazz Chisholm Jr. walks.;L;R;S;Sweeper;;0.355;3;0;1;8;Bot;83.4;2660
83.1;Treinen, Blake;;ball;Jazz Chisholm Jr. walks.;L;R;B;Sweeper;;0.355;2;0;1;8;Bot;81.8;2509
84.7;Treinen, Blake;;ball;Jazz Chisholm Jr. walks.;L;R;B;Sweeper;;0.355;1;0;1;8;Bot;83.5;2666
86.9;Treinen, Blake;;ball;Jazz Chisholm Jr. walks.;L;R;B;Sweeper;;0.355;0;0;1;8;Bot;85.9;2638
85.7;Treinen, Blake;double;hit_into_play;Aaron Judge doubles (2) on a sharp line drive to left fielder Teoscar Hernandez.;R;R;X;Sweeper;75.6;0.235;3;2;1;8;Bot;84.1;2643
97.2;Treinen, Blake;;foul;Aaron Judge doubles (2) on a sharp line drive to left fielder Teoscar Hernandez.;R;R;S;Sinker;70.2;0.235;3;2;1;8;Bot;95.8;2546
87.3;Treinen, Blake;;ball;Aaron Judge doubles (2) on a sharp line drive to left fielder Teoscar Hernandez.;R;R;B;Sweeper;;0.235;2;2;1;8;Bot;85.9;2693
85.4;Treinen, Blake;;foul;Aaron Judge doubles (2) on a sharp line drive to left fielder Teoscar Hernandez.;R;R;S;Sweeper;79.9;0.235;2;1;1;8;Bot;84.1;2596
84.8;Treinen, Blake;;called_strike;Aaron Judge doubles (2) on a sharp line drive to left fielder Teoscar Hernandez.;R;R;S;Sweeper;;0.235;2;0;1;8;Bot;83.6;2668
96.3;Treinen, Blake;;ball;Aaron Judge doubles (2) on a sharp line drive to left fielder Teoscar Hernandez.;R;R;B;Sinker;;0.235;1;0;1;8;Bot;95.2;2374
85.8;Treinen, Blake;;ball;Aaron Judge doubles (2) on a sharp line drive to left fielder Teoscar Hernandez.;R;R;B;Sweeper;;0.235;0;0;1;8;Bot;84.8;2588
85.9;Treinen, Blake;field_out;hit_into_play;Juan Soto grounds out, first baseman Freddie Freeman to pitcher Blake Treinen.;L;R;X;Sweeper;76.5;0.297;1;2;0;8;Bot;84.5;2394
85.2;Treinen, Blake;;ball;Juan Soto grounds out, first baseman Freddie Freeman to pitcher Blake Treinen.;L;R;B;Sweeper;;0.297;0;2;0;8;Bot;84.2;2442
85.3;Treinen, Blake;;foul;Juan Soto grounds out, first baseman Freddie Freeman to pitcher Blake Treinen.;L;R;S;Sweeper;80.3;0.297;0;1;0;8;Bot;83.5;2686
95.9;Treinen, Blake;;called_strike;Juan Soto grounds out, first baseman Freddie Freeman to pitcher Blake Treinen.;L;R;S;Sinker;;0.297;0;0;0;8;Bot;94.1;2256
89.1;Weaver, Luke;strikeout;swinging_strike;Freddie Freeman strikes out swinging.;L;R;S;Changeup;63.9;0.753;2;2;2;8;Top;88.5;1821
94.9;Weaver, Luke;;foul;Freddie Freeman strikes out swinging.;L;R;S;4-Seam Fastball;66.5;0.753;2;1;2;8;Top;94.2;2520
96.1;Weaver, Luke;;foul;Freddie Freeman strikes out swinging.;L;R;S;4-Seam Fastball;70.7;0.753;2;0;2;8;Top;94.6;2576
89.5;Weaver, Luke;;blocked_ball;Freddie Freeman strikes out swinging.;L;R;B;Changeup;;0.753;1;0;2;8;Top;88.7;1829
95.1;Weaver, Luke;;ball;Freddie Freeman strikes out swinging.;L;R;B;4-Seam Fastball;;0.753;0;0;2;8;Top;93.8;2497
96.3;Weaver, Luke;sac_fly;hit_into_play;Mookie Betts out on a sacrifice fly to center fielder Aaron Judge. Tommy Edman scores. Will Smith to 3rd.;R;R;X;4-Seam Fastball;67.9;0.68;0;0;1;8;Top;95.3;2568
89.7;Weaver, Luke;catcher_interf;foul;Yankees challenged (catcher interference), call on the field was upheld: Shohei Ohtani reaches on catcher interference by Austin Wells. Will Smith to 2nd. Shohei Ohtani to 1st.;L;R;S;Changeup;74.6;0.641;0;0;1;8;Top;89.1;1875
95.3;Weaver, Luke;sac_fly;hit_into_play;Gavin Lux out on a sacrifice fly to center fielder Aaron Judge. Enrique Hernandez scores. Tommy Edman to 3rd.;L;R;X;4-Seam Fastball;72.7;0.622;3;2;0;8;Top;94.3;2515
96.7;Weaver, Luke;;ball;Gavin Lux out on a sacrifice fly to center fielder Aaron Judge. Enrique Hernandez scores. Tommy Edman to 3rd.;L;R;B;4-Seam Fastball;;0.622;2;2;0;8;Top;95.4;2562
96.7;Weaver, Luke;;swinging_strike;Gavin Lux out on a sacrifice fly to center fielder Aaron Judge. Enrique Hernandez scores. Tommy Edman to 3rd.;L;R;S;4-Seam Fastball;46.3;0.622;2;1;0;8;Top;95.3;2604
89.8;Weaver, Luke;;blocked_ball;Gavin Lux out on a sacrifice fly to center fielder Aaron Judge. Enrique Hernandez scores. Tommy Edman to 3rd.;L;R;B;Changeup;;0.622;1;1;0;8;Top;88.9;2018
95.8;Weaver, Luke;;called_strike;Gavin Lux out on a sacrifice fly to center fielder Aaron Judge. Enrique Hernandez scores. Tommy Edman to 3rd.;L;R;S;4-Seam Fastball;;0.622;1;0;0;8;Top;94.7;2582
95.8;Weaver, Luke;;ball;Gavin Lux out on a sacrifice fly to center fielder Aaron Judge. Enrique Hernandez scores. Tommy Edman to 3rd.;L;R;B;4-Seam Fastball;;0.622;0;0;0;8;Top;94.1;2548
85.8;Kahnle, Tommy;walk;ball;Will Smith walks. Enrique Hernandez to 3rd. Tommy Edman to 2nd.;R;R;B;Changeup;;0.456;3;0;0;8;Top;86;1246
85.7;Kahnle, Tommy;;ball;Will Smith walks. Enrique Hernandez to 3rd. Tommy Edman to 2nd.;R;R;B;Changeup;;0.456;2;0;0;8;Top;85.9;1343
87.4;Kahnle, Tommy;;ball;Will Smith walks. Enrique Hernandez to 3rd. Tommy Edman to 2nd.;R;R;B;Changeup;;0.456;1;0;0;8;Top;87.3;1328
87.8;Kahnle, Tommy;;blocked_ball;Will Smith walks. Enrique Hernandez to 3rd. Tommy Edman to 2nd.;R;R;B;Changeup;;0.456;0;0;0;8;Top;87.9;1354
87.8;Kahnle, Tommy;single;hit_into_play;Tommy Edman singles on a ground ball to shortstop Anthony Volpe. Enrique Hernandez to 2nd.;R;R;X;Changeup;76.8;0.335;0;0;0;8;Top;88.4;1323
88.3;Kahnle, Tommy;single;hit_into_play;Enrique Hernandez singles on a sharp line drive to left fielder Alex Verdugo.;R;R;X;Changeup;77.6;0.247;1;1;0;8;Top;89.1;1306
87.5;Kahnle, Tommy;;ball;Enrique Hernandez singles on a sharp line drive to left fielder Alex Verdugo.;R;R;B;Changeup;;0.247;0;1;0;8;Top;87.7;1175
86.7;Kahnle, Tommy;;called_strike;Enrique Hernandez singles on a sharp line drive to left fielder Alex Verdugo.;R;R;S;Changeup;;0.247;0;0;0;8;Top;87.3;1209
85.2;Treinen, Blake;field_out;hit_into_play;Gleyber Torres grounds out, third baseman Max Muncy to first baseman Freddie Freeman.;R;R;X;Sweeper;72.8;0.762;3;2;2;7;Bot;84.2;2597
91.8;Treinen, Blake;;foul;Gleyber Torres grounds out, third baseman Max Muncy to first baseman Freddie Freeman.;R;R;S;Cutter;69.8;0.762;3;1;2;7;Bot;91.6;2676
91.1;Treinen, Blake;;called_strike;Gleyber Torres grounds out, third baseman Max Muncy to first baseman Freddie Freeman.;R;R;S;Cutter;;0.762;3;0;2;7;Bot;90.8;2741
96.6;Treinen, Blake;;ball;Gleyber Torres grounds out, third baseman Max Muncy to first baseman Freddie Freeman.;R;R;B;4-Seam Fastball;;0.762;2;0;2;7;Bot;96;2482
84.8;Treinen, Blake;;ball;Gleyber Torres grounds out, third baseman Max Muncy to first baseman Freddie Freeman.;R;R;B;Sweeper;;0.762;1;0;2;7;Bot;83.6;2540
85.7;Treinen, Blake;;ball;Gleyber Torres grounds out, third baseman Max Muncy to first baseman Freddie Freeman.;R;R;B;Sweeper;;0.762;0;0;2;7;Bot;84.6;2682
84.5;Treinen, Blake;strikeout;called_strike;Alex Verdugo called out on strikes.;L;R;S;Sweeper;;0.776;2;2;1;7;Bot;83.1;2482
96.5;Treinen, Blake;;ball;Alex Verdugo called out on strikes.;L;R;B;4-Seam Fastball;;0.776;1;2;1;7;Bot;95.4;2436
85.6;Treinen, Blake;;foul;Alex Verdugo called out on strikes.;L;R;S;Sweeper;70.9;0.776;1;1;1;7;Bot;84.5;2510
91.3;Treinen, Blake;;ball;Alex Verdugo called out on strikes.;L;R;B;Cutter;;0.776;0;1;1;7;Bot;90.4;2607
84.8;Treinen, Blake;;called_strike;Alex Verdugo called out on strikes.;L;R;S;Sweeper;;0.776;0;0;1;7;Bot;83.7;2644
83.8;Treinen, Blake;strikeout;foul_tip;Austin Wells strikes out on a foul tip.;L;R;S;Sweeper;74.7;0.794;0;2;0;7;Bot;82.7;2533
85.1;Treinen, Blake;;foul;Austin Wells strikes out on a foul tip.;L;R;S;Sweeper;73.8;0.794;0;2;0;7;Bot;83.6;2460
92.9;Treinen, Blake;;foul;Austin Wells strikes out on a foul tip.;L;R;S;4-Seam Fastball;76.4;0.794;0;1;0;7;Bot;92.3;2548
83.7;Treinen, Blake;;called_strike;Austin Wells strikes out on a foul tip.;L;R;S;Sweeper;;0.794;0;0;0;7;Bot;82.1;2308
84.9;Holmes, Clay;strikeout;called_strike;Max Muncy called out on strikes.;L;R;S;Sweeper;;0.29;3;2;2;7;Top;83.8;2844
87.8;Holmes, Clay;;foul;Max Muncy called out on strikes.;L;R;S;Slider;84.8;0.29;3;2;2;7;Top;87.2;2588
84.8;Holmes, Clay;;ball;Max Muncy called out on strikes.;L;R;B;Sweeper;;0.29;2;2;2;7;Top;83.6;2884
85.2;Holmes, Clay;;ball;Max Muncy called out on strikes.;L;R;B;Sweeper;;0.29;1;2;2;7;Top;83.9;2833
97.7;Holmes, Clay;;foul;Max Muncy called out on strikes.;L;R;S;Sinker;;0.29;1;1;2;7;Top;96.3;2367
87.6;Holmes, Clay;;called_strike;Max Muncy called out on strikes.;L;R;S;Slider;;0.29;1;0;2;7;Top;86.8;2701
97.3;Holmes, Clay;;ball;Max Muncy called out on strikes.;L;R;B;Sinker;;0.29;0;0;2;7;Top;96.2;2262
97.2;Holmes, Clay;walk;ball;Teoscar Hernandez walks. Freddie Freeman to 2nd.;R;R;B;Sinker;;0.251;3;0;2;7;Top;95.6;2366
96.8;Holmes, Clay;;ball;Teoscar Hernandez walks. Freddie Freeman to 2nd.;R;R;B;Sinker;;0.251;2;0;2;7;Top;94.9;2275
96.2;Holmes, Clay;;ball;Teoscar Hernandez walks. Freddie Freeman to 2nd.;R;R;B;Sinker;;0.251;1;0;2;7;Top;94.8;2364
96;Holmes, Clay;;ball;Teoscar Hernandez walks. Freddie Freeman to 2nd.;R;R;B;Sinker;;0.251;0;0;2;7;Top;94.3;2341
94.1;Cole, Gerrit;walk;ball;Freddie Freeman walks.;L;R;B;Sinker;;0.226;3;1;2;7;Top;94.2;2247
89.5;Cole, Gerrit;;ball;Freddie Freeman walks.;L;R;B;Changeup;;0.226;2;1;2;7;Top;89.6;1530
93.3;Cole, Gerrit;;ball;Freddie Freeman walks.;L;R;B;Cutter;;0.226;1;1;2;7;Top;93.1;2684
97;Cole, Gerrit;;foul;Freddie Freeman walks.;L;R;S;4-Seam Fastball;77.5;0.226;1;0;2;7;Top;96.1;2459
89.4;Cole, Gerrit;;ball;Freddie Freeman walks.;L;R;B;Changeup;;0.226;0;0;2;7;Top;89.1;1568
91.8;Cole, Gerrit;field_out;hit_into_play;Mookie Betts grounds out, pitcher Gerrit Cole to first baseman Anthony Rizzo.;R;R;X;Cutter;61.7;0.257;0;1;1;7;Top;91.4;2538
83.6;Cole, Gerrit;;called_strike;Mookie Betts grounds out, pitcher Gerrit Cole to first baseman Anthony Rizzo.;R;R;S;Knuckle Curve;;0.257;0;0;1;7;Top;82;2928
83.3;Cole, Gerrit;field_out;hit_into_play;Shohei Ohtani grounds out, shortstop Anthony Volpe to first baseman Anthony Rizzo.;L;R;X;Knuckle Curve;72.5;0.3;1;1;0;7;Top;82.5;2829
90.3;Cole, Gerrit;;ball;Shohei Ohtani grounds out, shortstop Anthony Volpe to first baseman Anthony Rizzo.;L;R;B;Changeup;;0.3;0;1;0;7;Top;89.9;1486
95;Cole, Gerrit;;called_strike;Shohei Ohtani grounds out, shortstop Anthony Volpe to first baseman Anthony Rizzo.;L;R;S;Sinker;;0.3;0;0;0;7;Top;94.5;2238
95.8;Treinen, Blake;field_out;hit_into_play;Anthony Volpe grounds out, second baseman Gavin Lux to first baseman Freddie Freeman.;R;R;X;Sinker;73.7;0.74;3;2;2;6;Bot;94.6;2428
96.7;Treinen, Blake;;ball;Anthony Volpe grounds out, second baseman Gavin Lux to first baseman Freddie Freeman.;R;R;B;4-Seam Fastball;;0.74;2;2;2;6;Bot;95.6;2566
84.4;Treinen, Blake;;called_strike;Anthony Volpe grounds out, second baseman Gavin Lux to first baseman Freddie Freeman.;R;R;S;Sweeper;;0.74;2;1;2;6;Bot;83.5;2597
96.7;Treinen, Blake;;called_strike;Anthony Volpe grounds out, second baseman Gavin Lux to first baseman Freddie Freeman.;R;R;S;Sinker;;0.74;2;0;2;6;Bot;95.4;2507
93.4;Treinen, Blake;;ball;Anthony Volpe grounds out, second baseman Gavin Lux to first baseman Freddie Freeman.;R;R;B;Sinker;;0.74;1;0;2;6;Bot;92.2;2302
95.1;Treinen, Blake;;ball;Anthony Volpe grounds out, second baseman Gavin Lux to first baseman Freddie Freeman.;R;R;B;Sinker;;0.74;0;0;2;6;Bot;93.9;2443
97.6;Graterol, Brusdar;walk;ball;Anthony Rizzo walks.;L;R;B;Sinker;;0.733;3;2;2;6;Bot;96.5;2121
87.2;Graterol, Brusdar;;blocked_ball;Anthony Rizzo walks.;L;R;B;Slider;;0.733;2;2;2;6;Bot;86.4;2684
97.5;Graterol, Brusdar;;ball;Anthony Rizzo walks.;L;R;B;4-Seam Fastball;;0.733;1;2;2;6;Bot;96.2;2065
98.4;Graterol, Brusdar;;foul;Anthony Rizzo walks.;L;R;S;Sinker;67.9;0.733;1;1;2;6;Bot;97.3;2099
95.6;Graterol, Brusdar;;ball;Anthony Rizzo walks.;L;R;B;Cutter;;0.733;0;1;2;6;Bot;94.9;2179
97.7;Graterol, Brusdar;;foul;Anthony Rizzo walks.;L;R;S;Sinker;77.4;0.733;0;0;2;6;Bot;96.7;2071
90;Graterol, Brusdar;sac_fly;hit_into_play;Giancarlo Stanton out on a sacrifice fly to center fielder Enrique Hernandez. Juan Soto scores. Jazz Chisholm Jr. to 2nd.;R;R;X;Slider;86.7;0.673;0;0;1;6;Bot;88.7;2378
98.1;Graterol, Brusdar;force_out;hit_into_play;Jazz Chisholm Jr. grounds into a force out, second baseman Gavin Lux to shortstop Tommy Edman. Juan Soto to 3rd. Aaron Judge out at 2nd. Jazz Chisholm Jr. to 1st.;L;R;X;4-Seam Fastball;;0.695;0;2;0;6;Bot;97.4;2096
98.3;Graterol, Brusdar;;foul_bunt;Jazz Chisholm Jr. grounds into a force out, second baseman Gavin Lux to shortstop Tommy Edman. Juan Soto to 3rd. Aaron Judge out at 2nd. Jazz Chisholm Jr. to 1st.;L;R;S;Sinker;13.4;0.695;0;1;0;6;Bot;97;2126
97.9;Graterol, Brusdar;;swinging_strike;Jazz Chisholm Jr. grounds into a force out, second baseman Gavin Lux to shortstop Tommy Edman. Juan Soto to 3rd. Aaron Judge out at 2nd. Jazz Chisholm Jr. to 1st.;L;R;S;4-Seam Fastball;72.5;0.695;0;0;0;6;Bot;96.6;2162
98.8;Graterol, Brusdar;walk;ball;Aaron Judge walks. Juan Soto to 2nd.;R;R;B;Sinker;;0.625;3;2;0;6;Bot;97.8;2049
98.9;Graterol, Brusdar;;foul;Aaron Judge walks. Juan Soto to 2nd.;R;R;S;Sinker;75.1;0.625;3;2;0;6;Bot;97.9;2104
98.6;Graterol, Brusdar;;foul;Aaron Judge walks. Juan Soto to 2nd.;R;R;S;Sinker;77;0.625;3;2;0;6;Bot;97.5;2028
91.2;Graterol, Brusdar;;blocked_ball;Aaron Judge walks. Juan Soto to 2nd.;R;R;B;Slider;;0.625;2;2;0;6;Bot;89.9;2389
98;Graterol, Brusdar;;ball;Aaron Judge walks. Juan Soto to 2nd.;R;R;B;Sinker;;0.625;1;2;0;6;Bot;97.1;1960
98.9;Graterol, Brusdar;;swinging_strike;Aaron Judge walks. Juan Soto to 2nd.;R;R;S;Sinker;74.4;0.625;1;1;0;6;Bot;98;2096
88.7;Graterol, Brusdar;;called_strike;Aaron Judge walks. Juan Soto to 2nd.;R;R;S;Slider;;0.625;1;0;0;6;Bot;87.5;2318
98;Graterol, Brusdar;;ball;Aaron Judge walks. Juan Soto to 2nd.;R;R;B;Sinker;;0.625;0;0;0;6;Bot;96.9;2010
99.6;Graterol, Brusdar;walk;ball;Juan Soto walks.;L;R;B;Sinker;;0.574;3;2;0;6;Bot;98.8;2070
98.4;Graterol, Brusdar;;foul;Juan Soto walks.;L;R;S;4-Seam Fastball;78.7;0.574;3;1;0;6;Bot;97.6;2142
85;Graterol, Brusdar;;ball;Juan Soto walks.;L;R;B;Slider;;0.574;2;1;0;6;Bot;84.6;2648
99.3;Graterol, Brusdar;;foul;Juan Soto walks.;L;R;S;Sinker;79.2;0.574;2;0;0;6;Bot;98.2;2053
86.3;Graterol, Brusdar;;ball;Juan Soto walks.;L;R;B;Slider;;0.574;1;0;0;6;Bot;85.9;2592
91.6;Graterol, Brusdar;;ball;Juan Soto walks.;L;R;B;Slider;;0.574;0;0;0;6;Bot;90.8;2543
98.2;Cole, Gerrit;field_out;hit_into_play;Gavin Lux flies out to right fielder Juan Soto.;L;R;X;4-Seam Fastball;75.1;0.442;0;2;2;6;Top;97.6;2409
97.8;Cole, Gerrit;;foul;Gavin Lux flies out to right fielder Juan Soto.;L;R;S;4-Seam Fastball;70.8;0.442;0;1;2;6;Top;97.6;2352
83.2;Cole, Gerrit;;foul;Gavin Lux flies out to right fielder Juan Soto.;L;R;S;Knuckle Curve;58.4;0.442;0;0;2;6;Top;82.2;2708
97;Cole, Gerrit;strikeout;swinging_strike;Will Smith strikes out swinging.;R;R;S;4-Seam Fastball;70.4;0.467;2;2;1;6;Top;96.5;2429
92.8;Cole, Gerrit;;foul;Will Smith strikes out swinging.;R;R;S;Cutter;73.9;0.467;2;1;1;6;Top;92.8;2507
84.6;Cole, Gerrit;;ball;Will Smith strikes out swinging.;R;R;B;Knuckle Curve;;0.467;1;1;1;6;Top;83.3;2756
92.4;Cole, Gerrit;;foul;Will Smith strikes out swinging.;R;R;S;Cutter;67.2;0.467;1;0;1;6;Top;92;2520
96.4;Cole, Gerrit;;ball;Will Smith strikes out swinging.;R;R;B;4-Seam Fastball;;0.467;0;0;1;6;Top;96;2472
82.7;Cole, Gerrit;field_out;hit_into_play;Tommy Edman lines out to left fielder Alex Verdugo.;L;R;X;Knuckle Curve;69.8;0.5;0;2;0;6;Top;81.3;2876
92.4;Cole, Gerrit;;foul;Tommy Edman lines out to left fielder Alex Verdugo.;L;R;S;Cutter;57.6;0.5;0;1;0;6;Top;92.3;2572
96.5;Cole, Gerrit;;called_strike;Tommy Edman lines out to left fielder Alex Verdugo.;L;R;S;4-Seam Fastball;;0.5;0;0;0;6;Top;96.1;2470
93.8;Vesia, Alex;field_out;hit_into_play;Gleyber Torres flies out to right fielder Mookie Betts.;R;L;X;4-Seam Fastball;66.6;0.594;1;2;2;5;Bot;93.4;2468
94.3;Vesia, Alex;;swinging_strike;Gleyber Torres flies out to right fielder Mookie Betts.;R;L;S;4-Seam Fastball;71.7;0.594;1;1;2;5;Bot;93.9;2476
93.4;Vesia, Alex;;called_strike;Gleyber Torres flies out to right fielder Mookie Betts.;R;L;S;4-Seam Fastball;;0.594;1;0;2;5;Bot;93.2;2476
94.2;Vesia, Alex;;ball;Gleyber Torres flies out to right fielder Mookie Betts.;R;L;B;4-Seam Fastball;;0.594;0;0;2;5;Bot;93.8;2558
93.1;Vesia, Alex;walk;ball;Alex Verdugo walks. Anthony Volpe to 3rd. Austin Wells to 2nd.;L;L;B;4-Seam Fastball;;0.558;3;1;2;5;Bot;92.8;2449
93.4;Vesia, Alex;;called_strike;Alex Verdugo walks. Anthony Volpe to 3rd. Austin Wells to 2nd.;L;L;S;4-Seam Fastball;;0.558;3;0;2;5;Bot;93.5;2509
84.7;Vesia, Alex;;ball;Alex Verdugo walks. Anthony Volpe to 3rd. Austin Wells to 2nd.;L;L;B;Slider;;0.558;2;0;2;5;Bot;84.7;2403
93.5;Vesia, Alex;;ball;Alex Verdugo walks. Anthony Volpe to 3rd. Austin Wells to 2nd.;L;L;B;4-Seam Fastball;;0.558;1;0;2;5;Bot;93;2495
85.8;Vesia, Alex;;ball;Alex Verdugo walks. Anthony Volpe to 3rd. Austin Wells to 2nd.;L;L;B;Slider;;0.558;0;0;2;5;Bot;85.8;2399
94.1;Vesia, Alex;hit_by_pitch;hit_by_pitch;Austin Wells hit by pitch. Anthony Volpe to 2nd.;L;L;B;4-Seam Fastball;;0.531;2;0;2;5;Bot;93.6;2394
93.4;Vesia, Alex;;ball;Austin Wells hit by pitch. Anthony Volpe to 2nd.;L;L;B;4-Seam Fastball;;0.531;1;0;2;5;Bot;93.1;2496
84.8;Vesia, Alex;;ball;Austin Wells hit by pitch. Anthony Volpe to 2nd.;L;L;B;Slider;;0.531;0;0;2;5;Bot;84.9;2468
86.8;Vesia, Alex;single;hit_into_play;Anthony Volpe singles on a line drive to right fielder Mookie Betts.;R;L;X;Slider;66;0.514;1;2;2;5;Bot;87.2;2486
93.7;Vesia, Alex;;swinging_strike;Anthony Volpe singles on a line drive to right fielder Mookie Betts.;R;L;S;4-Seam Fastball;73.8;0.514;1;1;2;5;Bot;93.5;2527
94.5;Vesia, Alex;;ball;Anthony Volpe singles on a line drive to right fielder Mookie Betts.;R;L;B;4-Seam Fastball;;0.514;0;1;2;5;Bot;93.9;2491
94;Vesia, Alex;;called_strike;Anthony Volpe singles on a line drive to right fielder Mookie Betts.;R;L;S;4-Seam Fastball;;0.514;0;0;2;5;Bot;93.8;2427
86.5;Vesia, Alex;field_out;hit_into_play;Anthony Rizzo lines out to center fielder Enrique Hernandez.;L;L;X;Slider;61.6;0.536;1;2;1;5;Bot;86.7;2497
94.6;Vesia, Alex;;called_strike;Anthony Rizzo lines out to center fielder Enrique Hernandez.;L;L;S;4-Seam Fastball;;0.536;1;1;1;5;Bot;94.5;2459
93.8;Vesia, Alex;;foul;Anthony Rizzo lines out to center fielder Enrique Hernandez.;L;L;S;4-Seam Fastball;69;0.536;1;0;1;5;Bot;93.9;2421
85.8;Vesia, Alex;;ball;Anthony Rizzo lines out to center fielder Enrique Hernandez.;L;L;B;Slider;;0.536;0;0;1;5;Bot;85.9;2423
94;Vesia, Alex;field_out;hit_into_play;Giancarlo Stanton grounds out, second baseman Gavin Lux to first baseman Freddie Freeman.;R;L;X;4-Seam Fastball;76.4;0.565;1;1;0;5;Bot;93.2;2513
94.1;Vesia, Alex;;ball;Giancarlo Stanton grounds out, second baseman Gavin Lux to first baseman Freddie Freeman.;R;L;B;4-Seam Fastball;;0.565;0;1;0;5;Bot;93.4;2442
86.2;Vesia, Alex;;called_strike;Giancarlo Stanton grounds out, second baseman Gavin Lux to first baseman Freddie Freeman.;R;L;S;Slider;;0.565;0;0;0;5;Bot;86.3;2542
99.2;Cole, Gerrit;force_out;hit_into_play;Enrique Hernandez grounds into a force out, fielded by shortstop Anthony Volpe. Max Muncy out at 2nd.;R;R;X;4-Seam Fastball;63.6;0.493;0;2;2;5;Top;99.4;2347
98.2;Cole, Gerrit;;foul;Enrique Hernandez grounds into a force out, fielded by shortstop Anthony Volpe. Max Muncy out at 2nd.;R;R;S;4-Seam Fastball;70.4;0.493;0;1;2;5;Top;97.9;2521
94.8;Cole, Gerrit;;foul;Enrique Hernandez grounds into a force out, fielded by shortstop Anthony Volpe. Max Muncy out at 2nd.;R;R;S;Cutter;73.7;0.493;0;0;2;5;Top;94.8;2444
92.7;Cole, Gerrit;walk;ball;Max Muncy walks.;L;R;B;Cutter;;0.481;3;1;2;5;Top;92.7;2513
98.4;Cole, Gerrit;;foul;Max Muncy walks.;L;R;S;4-Seam Fastball;74.2;0.481;3;0;2;5;Top;98.3;2364
86;Cole, Gerrit;;blocked_ball;Max Muncy walks.;L;R;B;Knuckle Curve;;0.481;2;0;2;5;Top;85.5;2776
98.9;Cole, Gerrit;;ball;Max Muncy walks.;L;R;B;4-Seam Fastball;;0.481;1;0;2;5;Top;99;2278
86.4;Cole, Gerrit;;ball;Max Muncy walks.;L;R;B;Knuckle Curve;;0.481;0;0;2;5;Top;86.1;2787
90.6;Cole, Gerrit;double;hit_into_play;Teoscar Hernandez doubles (1) on a sharp fly ball to center fielder Aaron Judge. Mookie Betts scores. Freddie Freeman scores.;R;R;X;Slider;70.3;0.24;1;2;2;5;Top;90.8;2744
89.9;Cole, Gerrit;;ball;Teoscar Hernandez doubles (1) on a sharp fly ball to center fielder Aaron Judge. Mookie Betts scores. Freddie Freeman scores.;R;R;B;Slider;;0.24;0;2;2;5;Top;89.9;2583
98.6;Cole, Gerrit;;foul;Teoscar Hernandez doubles (1) on a sharp fly ball to center fielder Aaron Judge. Mookie Betts scores. Freddie Freeman scores.;R;R;S;4-Seam Fastball;68.4;0.24;0;1;2;5;Top;98.3;2406
95.1;Cole, Gerrit;;swinging_strike;Teoscar Hernandez doubles (1) on a sharp fly ball to center fielder Aaron Judge. Mookie Betts scores. Freddie Freeman scores.;R;R;S;Cutter;73.9;0.24;0;0;2;5;Top;95.3;2617
99.5;Cole, Gerrit;single;hit_into_play;Freddie Freeman singles on a line drive to center fielder Aaron Judge. Tommy Edman scores. Will Smith scores. Mookie Betts to 3rd.;L;R;X;4-Seam Fastball;65.1;0.12;1;2;2;5;Top;99.4;2291
92.9;Cole, Gerrit;;foul;Freddie Freeman singles on a line drive to center fielder Aaron Judge. Tommy Edman scores. Will Smith scores. Mookie Betts to 3rd.;L;R;S;Changeup;62.8;0.12;1;2;2;5;Top;93.1;1597
99.5;Cole, Gerrit;;foul;Freddie Freeman singles on a line drive to center fielder Aaron Judge. Tommy Edman scores. Will Smith scores. Mookie Betts to 3rd.;L;R;S;4-Seam Fastball;64;0.12;1;1;2;5;Top;99.3;2347
91.6;Cole, Gerrit;;ball;Freddie Freeman singles on a line drive to center fielder Aaron Judge. Tommy Edman scores. Will Smith scores. Mookie Betts to 3rd.;L;R;B;Changeup;;0.12;0;1;2;5;Top;92;1562
98.1;Cole, Gerrit;;foul;Freddie Freeman singles on a line drive to center fielder Aaron Judge. Tommy Edman scores. Will Smith scores. Mookie Betts to 3rd.;L;R;S;Sinker;70.1;0.12;0;0;2;5;Top;98.1;2270
89.5;Cole, Gerrit;single;hit_into_play;Mookie Betts singles on a ground ball to first baseman Anthony Rizzo. Enrique Hernandez scores. Tommy Edman to 3rd. Will Smith to 2nd.;R;R;X;Slider;75.8;0.074;1;0;2;5;Top;89.5;2661
94.2;Cole, Gerrit;;ball;Mookie Betts singles on a ground ball to first baseman Anthony Rizzo. Enrique Hernandez scores. Tommy Edman to 3rd. Will Smith to 2nd.;R;R;B;Cutter;;0.074;0;0;2;5;Top;94.3;2513
87.3;Cole, Gerrit;strikeout;swinging_strike;Shohei Ohtani strikes out swinging.;L;R;S;Knuckle Curve;69.9;0.118;1;2;1;5;Top;86.9;2845
98.3;Cole, Gerrit;;foul_tip;Shohei Ohtani strikes out swinging.;L;R;S;4-Seam Fastball;79.5;0.118;1;1;1;5;Top;97.4;2511
93.1;Cole, Gerrit;;ball;Shohei Ohtani strikes out swinging.;L;R;B;Changeup;;0.118;0;1;1;5;Top;93.2;1692
94.9;Cole, Gerrit;;foul_tip;Shohei Ohtani strikes out swinging.;L;R;S;Cutter;81.3;0.118;0;0;1;5;Top;94.7;2539
99.4;Cole, Gerrit;strikeout;swinging_strike;Gavin Lux strikes out swinging.;L;R;S;4-Seam Fastball;66.3;0.169;1;2;0;5;Top;99.2;2367
98.8;Cole, Gerrit;;swinging_strike;Gavin Lux strikes out swinging.;L;R;S;4-Seam Fastball;74.3;0.169;1;1;0;5;Top;98.3;2429
92.9;Cole, Gerrit;;called_strike;Gavin Lux strikes out swinging.;L;R;S;Changeup;;0.169;1;0;0;5;Top;92.9;1714
98.8;Cole, Gerrit;;ball;Gavin Lux strikes out swinging.;L;R;B;4-Seam Fastball;;0.169;0;0;0;5;Top;98.5;2442
89.3;Cole, Gerrit;fielders_choice;hit_into_play;Will Smith reaches on a fielder's choice, fielded by shortstop Anthony Volpe. Enrique Hernandez to 3rd. Tommy Edman to 2nd. Enrique Hernandez advances to 3rd, on a throwing error by shortstop Anthony Volpe.;R;R;X;Slider;71;0.112;2;2;0;5;Top;88.9;2501
97.6;Cole, Gerrit;;swinging_strike;Will Smith reaches on a fielder's choice, fielded by shortstop Anthony Volpe. Enrique Hernandez to 3rd. Tommy Edman to 2nd. Enrique Hernandez advances to 3rd, on a throwing error by shortstop Anthony Volpe.;R;R;S;4-Seam Fastball;57.6;0.112;2;1;0;5;Top;97.1;2417
88.6;Cole, Gerrit;;ball;Will Smith reaches on a fielder's choice, fielded by shortstop Anthony Volpe. Enrique Hernandez to 3rd. Tommy Edman to 2nd. Enrique Hernandez advances to 3rd, on a throwing error by shortstop Anthony Volpe.;R;R;B;Slider;;0.112;1;1;0;5;Top;88.4;2485
93.6;Cole, Gerrit;;called_strike;Will Smith reaches on a fielder's choice, fielded by shortstop Anthony Volpe. Enrique Hernandez to 3rd. Tommy Edman to 2nd. Enrique Hernandez advances to 3rd, on a throwing error by shortstop Anthony Volpe.;R;R;S;Cutter;;0.112;1;0;0;5;Top;94;2574
84.2;Cole, Gerrit;;blocked_ball;Will Smith reaches on a fielder's choice, fielded by shortstop Anthony Volpe. Enrique Hernandez to 3rd. Tommy Edman to 2nd. Enrique Hernandez advances to 3rd, on a throwing error by shortstop Anthony Volpe.;R;R;B;Knuckle Curve;;0.112;0;0;0;5;Top;83;2754
90.5;Cole, Gerrit;field_error;hit_into_play;Tommy Edman reaches on a fielding error by center fielder Aaron Judge. Enrique Hernandez to 2nd.;L;R;X;Changeup;69.2;0.077;0;2;0;5;Top;90.8;1578
89.9;Cole, Gerrit;;foul;Tommy Edman reaches on a fielding error by center fielder Aaron Judge. Enrique Hernandez to 2nd.;L;R;S;Changeup;61;0.077;0;2;0;5;Top;90.5;1442
85.2;Cole, Gerrit;;foul;Tommy Edman reaches on a fielding error by center fielder Aaron Judge. Enrique Hernandez to 2nd.;L;R;S;Knuckle Curve;65.6;0.077;0;1;0;5;Top;84.6;2921
89.9;Cole, Gerrit;;called_strike;Tommy Edman reaches on a fielding error by center fielder Aaron Judge. Enrique Hernandez to 2nd.;L;R;S;Changeup;;0.077;0;0;0;5;Top;90.5;1488
96.9;Cole, Gerrit;single;hit_into_play;Enrique Hernandez singles on a line drive to right fielder Juan Soto.;R;R;X;4-Seam Fastball;70.1;0.057;1;0;0;5;Top;96.8;2376
89.5;Cole, Gerrit;;ball;Enrique Hernandez singles on a line drive to right fielder Juan Soto.;R;R;B;Slider;;0.057;0;0;0;5;Top;88.9;2462
98.9;Kopech, Michael;strikeout;called_strike;Jazz Chisholm Jr. called out on strikes.;L;R;S;4-Seam Fastball;;0.951;2;2;2;4;Bot;99.6;2589
100.4;Kopech, Michael;;ball;Jazz Chisholm Jr. called out on strikes.;L;R;B;4-Seam Fastball;;0.951;1;2;2;4;Bot;101.3;2669
89.9;Kopech, Michael;;foul;Jazz Chisholm Jr. called out on strikes.;L;R;S;Cutter;63.9;0.951;1;2;2;4;Bot;91.1;2286
98;Kopech, Michael;;foul;Jazz Chisholm Jr. called out on strikes.;L;R;S;4-Seam Fastball;76.5;0.951;1;2;2;4;Bot;98;2591
92.3;Kopech, Michael;;ball;Jazz Chisholm Jr. called out on strikes.;L;R;B;Cutter;;0.951;0;2;2;4;Bot;93.3;2458
97.5;Kopech, Michael;;foul;Jazz Chisholm Jr. called out on strikes.;L;R;S;4-Seam Fastball;68.5;0.951;0;1;2;4;Bot;98.1;2619
98.4;Kopech, Michael;;called_strike;Jazz Chisholm Jr. called out on strikes.;L;R;S;4-Seam Fastball;;0.951;0;0;2;4;Bot;98.9;2652
97.3;Kopech, Michael;field_out;hit_into_play;Aaron Judge flies out sharply to left fielder Teoscar Hernandez.;R;R;X;4-Seam Fastball;76.6;0.958;1;0;1;4;Bot;97.7;2555
91.4;Kopech, Michael;;blocked_ball;Aaron Judge flies out sharply to left fielder Teoscar Hernandez.;R;R;B;Cutter;;0.958;0;0;1;4;Bot;92.3;2517
97.6;Kopech, Michael;single;hit_into_play;Juan Soto singles on a ground ball to right fielder Mookie Betts. Alex Verdugo to 2nd.;L;R;X;4-Seam Fastball;83.1;0.952;0;0;1;4;Bot;98.6;2582
97.2;Kopech, Michael;field_out;hit_into_play;Gleyber Torres pops out to shortstop Tommy Edman.;R;R;X;4-Seam Fastball;79.4;0.958;0;0;0;4;Bot;98.1;2608
96.4;Kopech, Michael;walk;ball;Alex Verdugo walks.;L;R;B;4-Seam Fastball;;0.952;3;2;0;4;Bot;97.4;2528
98.6;Kopech, Michael;;foul;Alex Verdugo walks.;L;R;S;4-Seam Fastball;63.1;0.952;3;2;0;4;Bot;99;2689
97.9;Kopech, Michael;;swinging_strike;Alex Verdugo walks.;L;R;S;4-Seam Fastball;71;0.952;3;1;0;4;Bot;98.6;2603
98;Kopech, Michael;;called_strike;Alex Verdugo walks.;L;R;S;4-Seam Fastball;;0.952;3;0;0;4;Bot;98.2;2564
91.1;Kopech, Michael;;ball;Alex Verdugo walks.;L;R;B;Cutter;;0.952;2;0;0;4;Bot;91.8;2513
97.8;Kopech, Michael;;ball;Alex Verdugo walks.;L;R;B;4-Seam Fastball;;0.952;1;0;0;4;Bot;98;2634
98;Kopech, Michael;;ball;Alex Verdugo walks.;L;R;B;4-Seam Fastball;;0.952;0;0;0;4;Bot;98;2525
97.5;Cole, Gerrit;field_out;hit_into_play;Max Muncy lines out to center fielder Aaron Judge.;L;R;X;4-Seam Fastball;71.9;0.061;0;2;2;4;Top;97.5;2330
99;Cole, Gerrit;;foul;Max Muncy lines out to center fielder Aaron Judge.;L;R;S;4-Seam Fastball;73.8;0.061;0;2;2;4;Top;98.5;2467
98.2;Cole, Gerrit;;swinging_strike;Max Muncy lines out to center fielder Aaron Judge.;L;R;S;4-Seam Fastball;72.1;0.061;0;1;2;4;Top;97.7;2425
96.8;Cole, Gerrit;;called_strike;Max Muncy lines out to center fielder Aaron Judge.;L;R;S;4-Seam Fastball;;0.061;0;0;2;4;Top;96.3;2437
97.4;Cole, Gerrit;field_out;hit_into_play;Teoscar Hernandez grounds out, shortstop Anthony Volpe to first baseman Anthony Rizzo. Mookie Betts to 2nd.;R;R;X;4-Seam Fastball;72.4;0.073;0;0;1;4;Top;97.5;2492
79.3;Cole, Gerrit;field_out;hit_into_play;Freddie Freeman flies out sharply to center fielder Aaron Judge.;L;R;X;Knuckle Curve;72.8;0.092;0;1;0;4;Top;78.7;2519
84;Cole, Gerrit;;called_strike;Freddie Freeman flies out sharply to center fielder Aaron Judge.;L;R;S;Knuckle Curve;;0.092;0;0;0;4;Top;83.6;2720
88.8;Cole, Gerrit;walk;ball;Mookie Betts walks.;R;R;B;Slider;;0.071;3;2;0;4;Top;88.4;2333
96.8;Cole, Gerrit;;foul;Mookie Betts walks.;R;R;S;4-Seam Fastball;71.7;0.071;3;1;0;4;Top;96.1;2477
91;Cole, Gerrit;;ball;Mookie Betts walks.;R;R;B;Cutter;;0.071;2;1;0;4;Top;91;2497
89.7;Cole, Gerrit;;ball;Mookie Betts walks.;R;R;B;Slider;;0.071;1;1;0;4;Top;89.3;2480
96.5;Cole, Gerrit;;called_strike;Mookie Betts walks.;R;R;S;4-Seam Fastball;;0.071;1;0;0;4;Top;95.5;2433
96.1;Cole, Gerrit;;ball;Mookie Betts walks.;R;R;B;Sinker;;0.071;0;0;0;4;Top;95.3;2388
85.8;Brasier, Ryan;strikeout;swinging_strike;Austin Wells strikes out swinging.;L;R;S;Slider;37.8;0.931;1;2;2;3;Bot;86.9;2423
86.2;Brasier, Ryan;;called_strike;Austin Wells strikes out swinging.;L;R;S;Slider;;0.931;1;1;2;3;Bot;87.4;2362
94.2;Brasier, Ryan;;foul;Austin Wells strikes out swinging.;L;R;S;4-Seam Fastball;75.6;0.931;1;0;2;3;Bot;95.1;2265
94.7;Brasier, Ryan;;ball;Austin Wells strikes out swinging.;L;R;B;4-Seam Fastball;;0.931;0;0;2;3;Bot;95.5;2181
83.9;Brasier, Ryan;field_out;hit_into_play;Anthony Volpe flies out to right fielder Mookie Betts.;R;R;X;Slider;72;0.934;1;2;1;3;Bot;85.3;2432
94;Brasier, Ryan;;foul;Anthony Volpe flies out to right fielder Mookie Betts.;R;R;S;4-Seam Fastball;65.4;0.934;1;1;1;3;Bot;94.9;2169
94.5;Brasier, Ryan;;ball;Anthony Volpe flies out to right fielder Mookie Betts.;R;R;B;4-Seam Fastball;;0.934;0;1;1;3;Bot;95.3;2209
95.3;Brasier, Ryan;;foul;Anthony Volpe flies out to right fielder Mookie Betts.;R;R;S;4-Seam Fastball;73.2;0.934;0;0;1;3;Bot;96.1;2150
94.5;Brasier, Ryan;field_out;hit_into_play;Anthony Rizzo lines out sharply to right fielder Mookie Betts.;L;R;X;4-Seam Fastball;72.5;0.939;2;0;0;3;Bot;94.7;2275
86.3;Brasier, Ryan;;ball;Anthony Rizzo lines out sharply to right fielder Mookie Betts.;L;R;B;Slider;;0.939;1;0;0;3;Bot;87.3;2518
95.8;Brasier, Ryan;;ball;Anthony Rizzo lines out sharply to right fielder Mookie Betts.;L;R;B;4-Seam Fastball;;0.939;0;0;0;3;Bot;96.5;2249
95.5;Brasier, Ryan;home_run;hit_into_play;Giancarlo Stanton homers (7) on a fly ball to right field.;R;R;X;4-Seam Fastball;81.6;0.902;0;0;0;3;Bot;96;2124
90.4;Cole, Gerrit;field_out;hit_into_play;Shohei Ohtani flies out to left fielder Alex Verdugo.;L;R;X;Changeup;63.7;0.113;0;2;2;3;Top;90.5;1554
90.5;Cole, Gerrit;;swinging_strike;Shohei Ohtani flies out to left fielder Alex Verdugo.;L;R;S;Changeup;81.6;0.113;0;1;2;3;Top;90.8;1512
96.3;Cole, Gerrit;;foul;Shohei Ohtani flies out to left fielder Alex Verdugo.;L;R;S;4-Seam Fastball;73.3;0.113;0;0;2;3;Top;95.9;2391
95.4;Cole, Gerrit;walk;ball;Gavin Lux walks.;L;R;B;4-Seam Fastball;;0.104;3;2;2;3;Top;95.3;2249
96;Cole, Gerrit;;called_strike;Gavin Lux walks.;L;R;S;4-Seam Fastball;;0.104;3;1;2;3;Top;95.9;2300
95.4;Cole, Gerrit;;ball;Gavin Lux walks.;L;R;B;4-Seam Fastball;;0.104;2;1;2;3;Top;95.2;2250
90.1;Cole, Gerrit;;ball;Gavin Lux walks.;L;R;B;Changeup;;0.104;1;1;2;3;Top;90.3;1534
87.9;Cole, Gerrit;;ball;Gavin Lux walks.;L;R;B;Changeup;;0.104;0;1;2;3;Top;88.3;1428
95.2;Cole, Gerrit;;called_strike;Gavin Lux walks.;L;R;S;4-Seam Fastball;;0.104;0;0;2;3;Top;94.5;2393
96.4;Cole, Gerrit;field_out;hit_into_play;Will Smith pops out to first baseman Anthony Rizzo.;R;R;X;4-Seam Fastball;66.8;0.115;1;1;1;3;Top;96.1;2259
76.7;Cole, Gerrit;;called_strike;Will Smith pops out to first baseman Anthony Rizzo.;R;R;S;Knuckle Curve;;0.115;1;0;1;3;Top;76.1;2489
86.9;Cole, Gerrit;;ball;Will Smith pops out to first baseman Anthony Rizzo.;R;R;B;Slider;;0.115;0;0;1;3;Top;87;2567
89;Cole, Gerrit;strikeout;called_strike;Tommy Edman called out on strikes.;L;R;S;Changeup;;0.132;0;2;0;3;Top;89.3;1476
77.5;Cole, Gerrit;;foul;Tommy Edman called out on strikes.;L;R;S;Knuckle Curve;63.6;0.132;0;2;0;3;Top;76.7;2498
96.3;Cole, Gerrit;;foul;Tommy Edman called out on strikes.;L;R;S;4-Seam Fastball;60.9;0.132;0;2;0;3;Top;95.8;2406
83.4;Cole, Gerrit;;foul;Tommy Edman called out on strikes.;L;R;S;Knuckle Curve;69.1;0.132;0;1;0;3;Top;82.5;2907
95;Cole, Gerrit;;called_strike;Tommy Edman called out on strikes.;L;R;S;4-Seam Fastball;;0.132;0;0;0;3;Top;94.1;2373
85.9;Banda, Anthony;field_out;hit_into_play;Jazz Chisholm Jr. grounds out, first baseman Freddie Freeman to pitcher Anthony Banda.;L;L;X;Slider;71.9;0.894;0;1;2;2;Bot;85.3;2668
85.4;Banda, Anthony;;called_strike;Jazz Chisholm Jr. grounds out, first baseman Freddie Freeman to pitcher Anthony Banda.;L;L;S;Slider;;0.894;0;0;2;2;Bot;84.9;2601
85.7;Banda, Anthony;walk;ball;Aaron Judge walks. Alex Verdugo to 3rd. Juan Soto to 2nd.;R;L;B;Slider;;0.884;3;1;2;2;Bot;85.4;2343
94.8;Banda, Anthony;;ball;Aaron Judge walks. Alex Verdugo to 3rd. Juan Soto to 2nd.;R;L;B;Sinker;;0.884;2;1;2;2;Bot;94.7;2058
85.7;Banda, Anthony;;ball;Aaron Judge walks. Alex Verdugo to 3rd. Juan Soto to 2nd.;R;L;B;Slider;;0.884;1;1;2;2;Bot;85.2;2465
85.9;Banda, Anthony;;called_strike;Aaron Judge walks. Alex Verdugo to 3rd. Juan Soto to 2nd.;R;L;S;Slider;;0.884;1;0;2;2;Bot;84.5;2520
85.9;Banda, Anthony;;ball;Aaron Judge walks. Alex Verdugo to 3rd. Juan Soto to 2nd.;R;L;B;Slider;;0.884;0;0;2;2;Bot;85.2;2387
87.2;Banda, Anthony;walk;blocked_ball;Juan Soto walks.;L;L;B;Slider;;0.881;3;2;2;2;Bot;86.1;2292
96.6;Banda, Anthony;;ball;Juan Soto walks.;L;L;B;4-Seam Fastball;;0.881;2;2;2;2;Bot;96.2;2266
85.7;Banda, Anthony;;foul;Juan Soto walks.;L;L;S;Slider;78.4;0.881;2;1;2;2;Bot;85;2429
86;Banda, Anthony;;blocked_ball;Juan Soto walks.;L;L;B;Slider;;0.881;1;1;2;2;Bot;85.6;2531
86.7;Banda, Anthony;;ball;Juan Soto walks.;L;L;B;Slider;;0.877;0;1;2;2;Bot;85.9;2446
84.8;Banda, Anthony;;swinging_strike;Juan Soto walks.;L;L;S;Slider;76;0.877;0;0;2;2;Bot;84.2;2467
85.8;Banda, Anthony;strikeout;called_strike;Gleyber Torres called out on strikes.;R;L;S;Slider;;0.887;0;2;1;2;Bot;85;2347
85.1;Banda, Anthony;;called_strike;Gleyber Torres called out on strikes.;R;L;S;Slider;;0.887;0;1;1;2;Bot;84.4;2405
85.9;Banda, Anthony;;swinging_strike;Gleyber Torres called out on strikes.;R;L;S;Slider;29.9;0.887;0;0;1;2;Bot;85;2426
85.9;Flaherty, Jack;single;hit_into_play;Alex Verdugo singles on a line drive to right fielder Mookie Betts. Anthony Volpe scores.;L;R;X;Slider;67.4;0.858;3;1;1;2;Bot;86.5;2466
93.6;Flaherty, Jack;;called_strike;Alex Verdugo singles on a line drive to right fielder Mookie Betts. Anthony Volpe scores.;L;R;S;4-Seam Fastball;;0.858;3;0;1;2;Bot;94;2286
84.3;Flaherty, Jack;;ball;Alex Verdugo singles on a line drive to right fielder Mookie Betts. Anthony Volpe scores.;L;R;B;Slider;;0.858;2;0;1;2;Bot;84.9;2494
79.6;Flaherty, Jack;;blocked_ball;Alex Verdugo singles on a line drive to right fielder Mookie Betts. Anthony Volpe scores.;L;R;B;Knuckle Curve;;0.858;1;0;1;2;Bot;80;2360
92.8;Flaherty, Jack;;ball;Alex Verdugo singles on a line drive to right fielder Mookie Betts. Anthony Volpe scores.;L;R;B;4-Seam Fastball;;0.858;0;0;1;2;Bot;93.6;2263
77.9;Flaherty, Jack;field_out;hit_into_play;Austin Wells grounds out, first baseman Freddie Freeman to pitcher Jack Flaherty. Anthony Volpe to 3rd.;L;R;X;Knuckle Curve;76.4;0.861;1;0;0;2;Bot;78.1;2421
78.5;Flaherty, Jack;;ball;Austin Wells grounds out, first baseman Freddie Freeman to pitcher Jack Flaherty. Anthony Volpe to 3rd.;L;R;B;Knuckle Curve;;0.861;0;0;0;2;Bot;78.6;2367
79;Flaherty, Jack;double;hit_into_play;Anthony Volpe doubles (3) on a line drive to left fielder Teoscar Hernandez.;R;R;X;Knuckle Curve;76.9;0.83;0;1;0;2;Bot;79.4;2440
93.2;Flaherty, Jack;;called_strike;Anthony Volpe doubles (3) on a line drive to left fielder Teoscar Hernandez.;R;R;S;4-Seam Fastball;;0.83;0;0;0;2;Bot;93.8;2323
92.7;Cole, Gerrit;field_out;hit_into_play;Enrique Hernandez flies out to right fielder Juan Soto.;R;R;X;Cutter;68;0.179;1;1;2;2;Top;92.3;2526
96;Cole, Gerrit;;called_strike;Enrique Hernandez flies out to right fielder Juan Soto.;R;R;S;Sinker;;0.179;1;0;2;2;Top;95.6;2282
87.3;Cole, Gerrit;;ball;Enrique Hernandez flies out to right fielder Juan Soto.;R;R;B;Slider;;0.179;0;0;2;2;Top;86.8;2498
96.4;Cole, Gerrit;strikeout;called_strike;Max Muncy called out on strikes.;L;R;S;4-Seam Fastball;;0.192;1;2;1;2;Top;95.8;2328
96.5;Cole, Gerrit;;foul;Max Muncy called out on strikes.;L;R;S;4-Seam Fastball;70.3;0.192;1;2;1;2;Top;95.9;2441
87.6;Cole, Gerrit;;ball;Max Muncy called out on strikes.;L;R;B;Changeup;;0.192;0;2;1;2;Top;87.8;1388
76.8;Cole, Gerrit;;called_strike;Max Muncy called out on strikes.;L;R;S;Knuckle Curve;;0.192;0;1;1;2;Top;76;2603
81.4;Cole, Gerrit;;called_strike;Max Muncy called out on strikes.;L;R;S;Knuckle Curve;;0.192;0;0;1;2;Top;80.8;2699
88.7;Cole, Gerrit;strikeout;swinging_strike;Teoscar Hernandez strikes out swinging.;R;R;S;Slider;80.1;0.212;1;2;0;2;Top;88.3;2517
87.4;Cole, Gerrit;;ball;Teoscar Hernandez strikes out swinging.;R;R;B;Slider;;0.212;0;2;0;2;Top;87;2541
90.3;Cole, Gerrit;;foul;Teoscar Hernandez strikes out swinging.;R;R;S;Cutter;76.3;0.212;0;1;0;2;Top;89.7;2484
96.2;Cole, Gerrit;;called_strike;Teoscar Hernandez strikes out swinging.;R;R;S;4-Seam Fastball;;0.212;0;0;0;2;Top;95.8;2402
94.8;Flaherty, Jack;strikeout;called_strike;Anthony Rizzo called out on strikes.;L;R;S;4-Seam Fastball;;0.794;3;2;2;1;Bot;94.9;2285
87;Flaherty, Jack;;swinging_strike;Anthony Rizzo called out on strikes.;L;R;S;Slider;75.1;0.794;3;1;2;1;Bot;87.5;2570
86.4;Flaherty, Jack;;ball;Anthony Rizzo called out on strikes.;L;R;B;Slider;;0.794;2;1;2;1;Bot;86.8;2598
85.6;Flaherty, Jack;;swinging_strike;Anthony Rizzo called out on strikes.;L;R;S;Slider;71.8;0.794;2;0;2;1;Bot;85.8;2417
92.8;Flaherty, Jack;;ball;Anthony Rizzo called out on strikes.;L;R;B;4-Seam Fastball;;0.794;1;0;2;1;Bot;93.3;2302
93.9;Flaherty, Jack;;ball;Anthony Rizzo called out on strikes.;L;R;B;4-Seam Fastball;;0.794;0;0;2;1;Bot;94;2242
94.7;Flaherty, Jack;field_out;hit_into_play;Giancarlo Stanton lines out to center fielder Enrique Hernandez.;R;R;X;4-Seam Fastball;84.8;0.802;3;2;1;1;Bot;95;2263
93.3;Flaherty, Jack;;called_strike;Giancarlo Stanton lines out to center fielder Enrique Hernandez.;R;R;S;4-Seam Fastball;;0.802;3;1;1;1;Bot;93.8;2272
95.2;Flaherty, Jack;;called_strike;Giancarlo Stanton lines out to center fielder Enrique Hernandez.;R;R;S;4-Seam Fastball;;0.802;3;0;1;1;Bot;95.5;2353
79.7;Flaherty, Jack;;ball;Giancarlo Stanton lines out to center fielder Enrique Hernandez.;R;R;B;Knuckle Curve;;0.802;2;0;1;1;Bot;79.9;2444
78.5;Flaherty, Jack;;ball;Giancarlo Stanton lines out to center fielder Enrique Hernandez.;R;R;B;Knuckle Curve;;0.802;1;0;1;1;Bot;78.8;2391
85.6;Flaherty, Jack;;ball;Giancarlo Stanton lines out to center fielder Enrique Hernandez.;R;R;B;Slider;;0.802;0;0;1;1;Bot;86.3;2401
93.3;Flaherty, Jack;home_run;hit_into_play;Jazz Chisholm Jr. homers (2) on a fly ball to right center field.;L;R;X;4-Seam Fastball;;0.724;2;1;1;1;Bot;94.2;2230
93.3;Flaherty, Jack;;called_strike;Jazz Chisholm Jr. homers (2) on a fly ball to right center field.;L;R;S;4-Seam Fastball;;0.724;2;0;1;1;Bot;93.9;2142
77.5;Flaherty, Jack;;ball;Jazz Chisholm Jr. homers (2) on a fly ball to right center field.;L;R;B;Knuckle Curve;;0.724;1;0;1;1;Bot;77.4;2341
93.5;Flaherty, Jack;;ball;Jazz Chisholm Jr. homers (2) on a fly ball to right center field.;L;R;B;4-Seam Fastball;;0.724;0;0;1;1;Bot;93.8;2185
93.7;Flaherty, Jack;home_run;hit_into_play;Aaron Judge homers (3) on a fly ball to right center field. Juan Soto scores.;R;R;X;4-Seam Fastball;75.9;0.55;0;0;1;1;Bot;94.2;2228
85.2;Flaherty, Jack;walk;ball;Juan Soto walks.;L;R;B;Slider;;0.526;3;1;1;1;Bot;85.4;2405
92.5;Flaherty, Jack;;called_strike;Juan Soto walks.;L;R;S;4-Seam Fastball;;0.526;3;0;1;1;Bot;93.2;2159
93.5;Flaherty, Jack;;ball;Juan Soto walks.;L;R;B;4-Seam Fastball;;0.526;2;0;1;1;Bot;94;2124
77.6;Flaherty, Jack;;ball;Juan Soto walks.;L;R;B;Knuckle Curve;;0.526;1;0;1;1;Bot;78;2305
78.2;Flaherty, Jack;;ball;Juan Soto walks.;L;R;B;Knuckle Curve;;0.526;0;0;1;1;Bot;78.3;2432
86;Flaherty, Jack;field_out;hit_into_play;Gleyber Torres grounds out, second baseman Gavin Lux to first baseman Freddie Freeman.;R;R;X;Slider;66;0.547;1;2;0;1;Bot;86.8;2438
86.8;Flaherty, Jack;;ball;Gleyber Torres grounds out, second baseman Gavin Lux to first baseman Freddie Freeman.;R;R;B;Slider;;0.547;0;2;0;1;Bot;88.1;2507
93.9;Flaherty, Jack;;called_strike;Gleyber Torres grounds out, second baseman Gavin Lux to first baseman Freddie Freeman.;R;R;S;4-Seam Fastball;;0.547;0;1;0;1;Bot;94.6;2245
93.6;Flaherty, Jack;;swinging_strike;Gleyber Torres grounds out, second baseman Gavin Lux to first baseman Freddie Freeman.;R;R;S;4-Seam Fastball;74.6;0.547;0;0;0;1;Bot;94.2;2334
96.9;Cole, Gerrit;field_out;hit_into_play;Freddie Freeman flies out to left fielder Alex Verdugo.;L;R;X;4-Seam Fastball;63.1;0.463;0;2;2;1;Top;95.9;2428
89.3;Cole, Gerrit;;called_strike;Freddie Freeman flies out to left fielder Alex Verdugo.;L;R;S;Changeup;;0.463;0;1;2;1;Top;89.2;1513
96.4;Cole, Gerrit;;foul;Freddie Freeman flies out to left fielder Alex Verdugo.;L;R;S;4-Seam Fastball;74.2;0.463;0;0;2;1;Top;96.4;2335
87.9;Cole, Gerrit;field_out;hit_into_play;Mookie Betts grounds out to first baseman Anthony Rizzo.;R;R;X;Slider;67.4;0.478;1;1;1;1;Top;87.6;2645
96.5;Cole, Gerrit;;ball;Mookie Betts grounds out to first baseman Anthony Rizzo.;R;R;B;4-Seam Fastball;;0.478;0;1;1;1;Top;95.7;2318
81.4;Cole, Gerrit;;called_strike;Mookie Betts grounds out to first baseman Anthony Rizzo.;R;R;S;Knuckle Curve;;0.478;0;0;1;1;Top;80.3;2747
95.6;Cole, Gerrit;field_out;hit_into_play;Shohei Ohtani flies out to center fielder Aaron Judge.;L;R;X;4-Seam Fastball;85;0.5;0;0;0;1;Top;94.8;2458
